{
    "cycles_program_begin": 630565782248696,
    "rlimit": {
        "data": -1,
        "stack": -1
    },
    "cpu_cycles_pass2_start": 630566223071044,
    "perf": [
        {
            "sub": [
                {
                    "sub": [],
                    "stat": [
                        "doParsingAndDesignResolution",
                        "entry",
                        0.13608694076538086,
                        0.042280999999999999,
                        0.032214,
                        272364,
                        273164,
                        0.0,
                        0.0,
                        1626248794.7245979,
                        630566052418588
                    ]
                },
                {
                    "sub": [],
                    "stat": [
                        "doParsingAndDesignResolution",
                        "exit",
                        0.1410369873046875,
                        0.044179000000000003,
                        0.035142,
                        272692,
                        273340,
                        0.0,
                        0.0,
                        1626248794.729548,
                        630566064320654
                    ]
                },
                {
                    "sub": [
                        {
                            "sub": [],
                            "stat": [
                                "doUptoVir2VcsNoSepCleanup",
                                "entry",
                                0.14450597763061523,
                                0.047511999999999999,
                                0.035277000000000003,
                                273928,
                                273932,
                                0.0,
                                0.0,
                                1626248794.733017,
                                630566072612652
                            ]
                        },
                        {
                            "sub": [],
                            "stat": [
                                "doUptoVir2VcsNoSepCleanup",
                                "exit",
                                0.15630698204040527,
                                0.059304000000000003,
                                0.035277000000000003,
                                275524,
                                287868,
                                0.0,
                                0.0,
                                1626248794.744818,
                                630566100958832
                            ]
                        },
                        {
                            "sub": [],
                            "stat": [
                                "doRadify_vir2vcsAll",
                                "entry",
                                0.15639305114746094,
                                0.059389999999999998,
                                0.035277000000000003,
                                275524,
                                287868,
                                0.0,
                                0.0,
                                1626248794.744904,
                                630566101127922
                            ]
                        },
                        {
                            "sub": [],
                            "stat": [
                                "doRadify_vir2vcsAll",
                                "exit",
                                0.15908002853393555,
                                0.062075999999999999,
                                0.035277000000000003,
                                276324,
                                287868,
                                0.0,
                                0.0,
                                1626248794.747591,
                                630566107596790
                            ]
                        }
                    ],
                    "stat": [
                        "doPostDesignResolutionToVir2Vcs",
                        "entry",
                        0.14185595512390137,
                        0.044998000000000003,
                        0.035142,
                        272824,
                        273340,
                        0.0,
                        0.0,
                        1626248794.7303669,
                        630566066254214
                    ]
                },
                {
                    "sub": [],
                    "stat": [
                        "doPostDesignResolutionToVir2Vcs",
                        "exit",
                        0.15912795066833496,
                        0.062125,
                        0.035277000000000003,
                        276324,
                        287868,
                        0.0,
                        0.0,
                        1626248794.7476389,
                        630566107681260
                    ]
                },
                {
                    "sub": [
                        {
                            "sub": [],
                            "stat": [
                                "DoPass2",
                                "entry",
                                0.20718097686767578,
                                0.063343999999999998,
                                0.036195999999999999,
                                274900,
                                287868,
                                0.018609000000000001,
                                0.011735000000000001,
                                1626248794.795692,
                                630566223056132
                            ]
                        },
                        {
                            "sub": [],
                            "stat": [
                                "DoPass2",
                                "exit",
                                0.23221302032470703,
                                0.083368999999999999,
                                0.041182000000000003,
                                283068,
                                287868,
                                0.018609000000000001,
                                0.011735000000000001,
                                1626248794.820724,
                                630566283114802
                            ]
                        }
                    ],
                    "stat": [
                        "doGAToPass2",
                        "entry",
                        0.15916204452514648,
                        0.062158999999999999,
                        0.035277000000000003,
                        276324,
                        287868,
                        0.0,
                        0.0,
                        1626248794.747673,
                        630566107755994
                    ]
                },
                {
                    "sub": [],
                    "stat": [
                        "doGAToPass2",
                        "exit",
                        0.23592805862426758,
                        0.086179000000000006,
                        0.042086999999999999,
                        283068,
                        287868,
                        0.018609000000000001,
                        0.011735000000000001,
                        1626248794.824439,
                        630566292023948
                    ]
                }
            ],
            "stat": [
                "main",
                "entry",
                0.023608922958374023,
                0.039094999999999998,
                0.025061,
                216464,
                216464,
                0.0,
                0.0,
                1626248794.6121199,
                630565782523040
            ]
        },
        {
            "sub": [],