{
    "Modules": {
        "...MASTER...": {
            "start_perf": [
                0.20731306076049805,
                0.063427999999999998,
                0.036243999999999998,
                274900,
                287868,
                1626248794.7958241,
                630566223328132
            ],
            "end_perf": [
                0.21091294288635254,
                0.066174999999999998,
                0.037097999999999999,
                277404,
                287868,
                630566231988214,
                0,
                0
            ],
            "child_modules": {
                "std": 1,
                "tb": 1
            },
            "nQuads": 0,
            "nMops": 0,
            "nRouts": 5
        },
        "std": {
            "start_perf": [
                0.21099400520324707,
                0.066226999999999994,
                0.037127,
                277404,
                287868,
                1626248794.799505,
                630566232160960
            ],
            "end_perf": [
                0.22205495834350586,
                0.075269000000000003,
                0.039140000000000001,
                281532,
                287868,
                630566258736666,
                8589934594,
                0
            ],
            "child_modules": {},
            "Compiled": "Yes",
            "nQuads": 218,
            "Compiled Times": 1,
            "svclass": [
                "$vcs_nba_dyn_obj",
                603,
                39,
                2,
                2,
                0,
                "sigprop$$",
                603,
                39,
                2,
                2,
                0,
                "process",
                2541,
                219,
                8,
                8,
                0,
                "event",
                624,
                38,
                2,
                2,
                0,
                "mailbox",
                1915,
                160,
                9,
                9,
                0,
                "semaphore",
                1188,
                94,
                5,
                5,
                0
            ],
            "significant_routs": [
                [
                    24,
                    "F_VCSgd_reYIK_24_0",
                    2715760,
                    1048,
                    95
                ]
            ],
            "nMops": 589,
            "nRouts": 33
        },
        "tb": {
            "start_perf": [
                0.22212004661560059,
                0.075312000000000004,
                0.039162000000000002,
                281532,
                287868,
                1626248794.810631,
                630566258861422
            ],
            "end_perf": [
                0.2297370433807373,
                0.082050999999999999,
                0.040024999999999998,
                283072,
                287868,
                630566277185294,
                17179869185,
                0
            ],
            "child_modules": {},
            "nQuads": 164,
            "Compiled": "Yes",
            "Compiled Times": 1,
            "nMops": 310,
            "nRouts": 31
        }
    },
    "CompUnits": {
        "amcQw_d": {
            "mode": 4,
            "mod": "...MASTER...",
            "out": "objs/amcQw_d.o",
            "text": 457,
            "bytes": 8192,
            "checksum": 0
        },
        "reYIK_d": {
            "mode": 4,
            "mod": "std",
            "cls": 7474,
            "out": "reYIK_d.o",
            "text": 7743,
            "bytes": 45664,
            "archive": "archive.0/_9914_archive_1.a",
            "checksum": 0
        },
        "g7hgQ_d": {
            "mode": 4,
            "mod": "tb",
            "out": "g7hgQ_d.o",
            "text": 3799,
            "bytes": 16642,
            "archive": "archive.0/_9914_archive_1.a",
            "checksum": 0
        }
    },
    "reusePaths": {},
    "ObjArchives": [
        {
            "archive": "archive.0/_9914_archive_1.a",
            "objects": [
                [
                    "reYIK_d.o",
                    45664
                ],
                [
                    "g7hgQ_d.o",
                    16642
                ],
                [
                    "amcQwB.o",
                    115988
                ]
            ],
            "size": 178294
        }
    ],
    "stat": {
        "ru_self_end": {
            "ru_nvcsw": 21,
            "ru_stime_sec": 0.042116000000000001,
            "ru_utime_sec": 0.086236999999999994,
            "ru_maxrss_kb": 76560,
            "ru_minflt": 29181,
            "ru_majflt": 0,
            "ru_nivcsw": 56
        },
        "ru_childs_end": {
            "ru_nvcsw": 18,
            "ru_stime_sec": 0.011735000000000001,
            "ru_utime_sec": 0.018609000000000001,
            "ru_maxrss_kb": 17344,
            "ru_minflt": 6549,
            "ru_majflt": 0,
            "ru_nivcsw": 7
        },
        "cpu_cycles_end": 630566292145718,
        "peak_mem_kb": 287868
    }
}